{
	"Ankle": {
		"M": [5.131227294,4.393099652,3.380977141,2.220738182,1.104796921,0.2219804288,-0.3173229022,-0.504351411,-0.3844044646,-0.02357839532,0.5105184386,1.152790804,1.842904137,2.531470621,3.187050825,3.795119406,4.356109493,4.875733598,5.35962302,5.810697626,6.229051847,6.615175268,6.970523114,7.300975356,7.614672143,7.91953234,8.224900198,8.537422132,8.857632119,9.190484192,9.537836021,9.896068464,10.26864749,10.65838586,11.06824498,11.48936075,11.92074949,12.35584027,12.7914267,13.2151879,13.63238249,14.03670964,14.42033392,14.78036008,15.1084801,15.38460823,15.59153682,15.70663008,15.70900308,15.55870449,15.21529214,14.61272928,13.69426572,12.39632384,10.68201313,8.540112822,6.023915696,3.234406356,0.3198903355,-2.549117726,-5.206363429,-7.509982589,-9.370953144,-10.72778931,-11.53641077,-11.76506594,-11.42436571,-10.58937213,-9.387048824,-7.987238761,-6.533024774,-5.122141434,-3.801003287,-2.577499183,-1.440758682,-0.3824076575,0.5934105054,1.477806605,2.259924551,2.929356912,3.476333148,3.891783268,4.17376329,4.326196342,4.362061116,4.304451864,4.185046676,4.042255844,3.918219765,3.849241193,3.858866934,3.956437493,4.134921078,4.37619937,4.658375246,4.959226177,5.249515179,5.480024835,5.579288614,5.477178642,5.097410538],
		"SD": [2.726285038,2.686353377,2.672601185,2.637091621,2.569391277,2.505351691,2.476491669,2.474401331,2.473976738,2.464020852,2.449294529,2.439724227,2.438444658,2.444577269,2.454100924,2.464226967,2.471282094,2.472857779,2.469239498,2.461550427,2.449530883,2.435499885,2.419622269,2.402201962,2.380755868,2.354372914,2.328037751,2.304663231,2.282804315,2.257713565,2.244327489,2.227629646,2.220461689,2.212611979,2.21119513,2.209928563,2.211968903,2.214957691,2.214202895,2.216101566,2.217677547,2.218534049,2.218586794,2.219802184,2.215962814,2.210438858,2.205534567,2.212510612,2.246035937,2.33841695,2.51821289,2.813262994,3.230055144,3.736767403,4.29276922,4.82480687,5.267649999,5.564650352,5.695914294,5.679769783,5.553708489,5.343325887,5.065120406,4.758887888,4.522316015,4.469925305,4.61577967,4.83460193,4.970950418,4.945663757,4.761695519,4.478324116,4.164584023,3.874893552,3.636891153,3.447966599,3.288398901,3.13837179,2.985477583,2.826310937,2.668481379,2.526169758,2.415464709,2.350062637,2.334369049,2.366827433,2.441943837,2.550108885,2.67543293,2.800229017,2.908234097,2.987278351,3.035820447,3.061964893,3.071696016,3.062366544,3.027691483,2.966936172,2.886478427,2.81953877,2.779277326]
	},
	"Knee": {
		"M": [1.856248672,3.539913143,5.184537964,6.732875894,8.232738781,9.764595024,11.34412227,12.88987339,14.28105336,15.42640855,16.29517544,16.90414724,17.28134488,17.44832191,17.4180162,17.21183118,16.86602778,16.41873656,15.90087377,15.33230768,14.72547767,14.09034477,13.43734996,12.77804799,12.12241142,11.47689664,10.84405848,10.22551482,9.624632739,9.044567963,8.487639831,7.955786639,7.451563979,6.978190281,6.539765513,6.138737473,5.776631464,5.456845503,5.1857831,4.974188687,4.835644188,4.787789129,4.847760056,5.032080646,5.356490408,5.833628269,6.47433959,7.286316516,8.272854952,9.434956153,10.77499515,12.309386,14.047694,16.01399702,18.23573453,20.73902454,23.54357853,26.65436593,30.05190061,33.6872525,37.49021801,41.3791095,45.2589708,49.0290463,52.5867442,55.83412748,58.69036233,61.09621693,63.01517988,64.44395077,65.39305727,65.88318556,65.9370889,65.57391465,64.8117158,63.66853159,62.1571847,60.29957718,58.11697724,55.63498431,52.87942117,49.87108455,46.63250972,43.17898405,39.5255352,35.69201702,31.70683101,27.60827468,23.44874637,19.29510201,15.22816482,11.34323107,7.750420824,4.577380295,1.965403559,0.04962968583,-1.063841461,-1.333758275,-0.8203824903,0.3210599872,1.866685585],
		"SD": [4.113120988,4.045973396,4.037998414,4.124046765,4.303494242,4.542904212,4.795818027,5.025721014,5.220483476,5.384315353,5.520839828,5.627780432,5.700560138,5.74252399,5.759092658,5.754421505,5.730950097,5.689348223,5.629268021,5.552155913,5.459677198,5.35291296,5.233530815,5.102271385,4.962808324,4.82302126,4.692630295,4.578113438,4.482671283,4.407141999,4.351234715,4.312909413,4.290626345,4.284841024,4.29738188,4.328425766,4.375028047,4.432535388,4.49497443,4.556729789,4.613809371,4.663380289,4.704093808,4.736048997,4.759173938,4.773804931,4.781400148,4.785543026,4.794506393,4.8200601,4.875230096,4.969941775,5.110347215,5.294822038,5.516435807,5.762639402,6.013305503,6.242268434,6.424711268,6.540698789,6.57444067,6.513287732,6.351963693,6.095518241,5.762593905,5.383784222,4.996390595,4.642663337,4.366316854,4.198742646,4.149380453,4.212613082,4.374429138,4.61867917,4.925568048,5.274001325,5.64543814,6.020011199,6.380192935,6.709975656,6.99628522,7.2247999,7.38528404,7.47608202,7.501161124,7.465226593,7.371495184,7.220707417,7.014624574,6.753454226,6.436623644,6.065229494,5.650477284,5.220191713,4.821180694,4.499938735,4.283836159,4.158778538,4.088217401,4.036400806,3.983401241]
	},
	"Hip": {
		"M": [33.52235043,33.57302955,33.51506271,33.35357011,33.12504154,32.87259915,32.60835737,32.29919262,31.89607527,31.36786892,30.71290512,29.95206829,29.10771419,28.19563856,27.21655428,26.17332857,25.07512214,23.93353957,22.76006093,21.56420208,20.35445608,19.13991526,17.92905616,16.72936083,15.54643687,14.38359898,13.24082897,12.11581471,11.00722897,9.91567957,8.843479263,7.792368756,6.763519806,5.756803139,4.771386867,3.804711712,2.853025515,1.913586249,0.9854650351,0.07021894739,-0.8280496668,-1.701378754,-2.540051723,-3.334162441,-4.073946362,-4.751207356,-5.35961655,-5.896807338,-6.363297445,-6.758429338,-7.074075723,-7.286122606,-7.366957144,-7.279586392,-6.989027737,-6.469248267,-5.70616483,-4.698456076,-3.456181893,-1.998734398,-0.3468674188,1.481382677,3.460312367,5.558959304,7.737404714,9.949558925,12.14842005,14.29388517,16.35671866,18.32089354,20.17931654,21.93032073,23.57475237,25.11257472,26.54404648,27.87087348,29.09294139,30.21089382,31.22369429,32.1309268,32.93267062,33.62623476,34.20935165,34.67725112,35.02576849,35.25205329,35.35613412,35.34129042,35.21596914,34.99443114,34.69660237,34.3472634,33.97549875,33.61504593,33.30336876,33.07676197,32.9629515,32.96996015,33.07534343,33.22978776,33.37033399],
		"SD": [5.749799201,5.759354411,5.770747916,5.786395835,5.803106273,5.817111774,5.832474879,5.854030306,5.876554423,5.889310898,5.886692554,5.867780632,5.835509521,5.798375355,5.763100654,5.733900638,5.710862549,5.692658719,5.678048261,5.666696812,5.657968139,5.651422797,5.645908977,5.640666502,5.636856146,5.637917186,5.64779022,5.668517911,5.700881234,5.74624933,5.806807076,5.882767749,5.972324446,6.072770392,6.181740367,6.296841292,6.415734547,6.535619022,6.65272183,6.763518459,6.864844576,6.954546918,7.032504235,7.101115023,7.163595535,7.222115693,7.276830463,7.327411636,7.373802668,7.416004372,7.454767986,7.490535325,7.523691592,7.552421358,7.572436077,7.579109669,7.569059272,7.54132723,7.497500174,7.440860952,7.372917594,7.295361049,7.207778002,7.11173284,7.010642068,6.908270041,6.807027297,6.709010033,6.616361023,6.530190661,6.451137932,6.379493951,6.314864166,6.256844021,6.204898154,6.157963608,6.11400573,6.071448776,6.029339803,5.987567365,5.946622058,5.907409468,5.87107754,5.838160863,5.809143032,5.784866929,5.765729761,5.751852862,5.742226319,5.7349231,5.728244383,5.721820112,5.717006844,5.716730572,5.722920229,5.73469092,5.750594102,5.768847812,5.787255158,5.803616831,5.813441173]
	},